{
  "0": {
    "p_open_mean": {
      "mean": 0.6337250093090179,
      "stderr": 0.00023490370294039408
    },
    "p_mean": {
      "mean": 0.36627499069098207,
      "stderr": 0.00023490370294038188
    },
    "epsilon_mean": {
      "mean": 0.09882497207294627,
      "stderr": 0.0007047111088211671
    },
    "intra_bonds_mean": {
      "mean": 147.86087309880412,
      "stderr": 0.4055880476066891
    },
    "inter_bonds_mean": {
      "mean": 3246.960694796902,
      "stderr": 2.628242417606372
    },
    "intra_inter_ratio": {
      "mean": 0.04553830587312739,
      "stderr": 0.00012221730718868043
    },
    "mean_cluster_size": {
      "mean": 4.049768020501848,
      "stderr": 0.006308156353443898
    },
    "largest_cluster_fraction": {
      "mean": 0.5628508257866016,
      "stderr": 0.0012988070000098403
    },
    "rate_assoc": {
      "mean": 3.9889502394137336e-05,
      "stderr": 7.012139869847166e-08
    },
    "rate_dissoc": {
      "mean": 2.696500583459791e-05,
      "stderr": 1.8375922177533742e-08
    },
    "tau_s": {
      "mean": NaN,
      "stderr": 0.0
    },
    "tau_b": {
      "mean": 17622.348264990178,
      "stderr": 0.0
    },
    "tau_c": {
      "mean": 133989.21701210007,
      "stderr": 0.0
    }
  },
  "6": {
    "p_open_mean": {
      "mean": 0.2640145557395143,
      "stderr": 0.0001214900903543989
    },
    "p_mean": {
      "mean": 0.7359854442604856,
      "stderr": 0.00012149009035440768
    },
    "epsilon_mean": {
      "mean": 1.2079563327814573,
      "stderr": 0.00036447027106322036
    },
    "intra_bonds_mean": {
      "mean": 266.09455629139075,
      "stderr": 0.24083799949354587
    },
    "inter_bonds_mean": {
      "mean": 5638.412847682119,
      "stderr": 1.1841964531930773
    },
    "intra_inter_ratio": {
      "mean": 0.04719324226664232,
      "stderr": 5.018509420331508e-05
    },
    "mean_cluster_size": {
      "mean": 79.17623929643618,
      "stderr": 0.3081764654010995
    },
    "largest_cluster_fraction": {
      "mean": 0.9849296567328919,
      "stderr": 5.967078635674628e-05
    },
    "rate_assoc": {
      "mean": 0.0002588683430456838,
      "stderr": 1.7999640248455504e-07
    },
    "rate_dissoc": {
      "mean": 1.961326878032715e-05,
      "stderr": 2.2268782588568502e-08
    },
    "tau_s": {
      "mean": 911.3562929055296,
      "stderr": 0.0
    },
    "tau_b": {
      "mean": 13712.09724062358,
      "stderr": 0.0
    },
    "tau_c": {
      "mean": 463713.42485492333,
      "stderr": 0.0
    }
  },
  "12": {
    "p_open_mean": {
      "mean": 0.052555097639356854,
      "stderr": 6.15841596291871e-05
    },
    "p_mean": {
      "mean": 0.9474449023606432,
      "stderr": 6.158415962919659e-05
    },
    "epsilon_mean": {
      "mean": 1.8423347070819294,
      "stderr": 0.00018475247888756767
    },
    "intra_bonds_mean": {
      "mean": 343.95259937002186,
      "stderr": 0.7727173895145397
    },
    "inter_bonds_mean": {
      "mean": 7235.693323134916,
      "stderr": 1.137214153579366
    },
    "intra_inter_ratio": {
      "mean": 0.04753567697116212,
      "stderr": 0.000113862110816694
    },
    "mean_cluster_size": {
      "mean": 900.0470315923238,
      "stderr": 21.852309356552833
    },
    "largest_cluster_fraction": {
      "mean": 0.9988598091830944,
      "stderr": 2.336418496540671e-05
    },
    "rate_assoc": {
      "mean": 0.001091285718622483,
      "stderr": 1.4864355802276543e-06
    },
    "rate_dissoc": {
      "mean": 2.66690840651647e-05,
      "stderr": 5.853479472753772e-08
    },
    "tau_s": {
      "mean": 5260.650123881036,
      "stderr": 0.0
    },
    "tau_b": {
      "mean": 10112.797143731581,
      "stderr": 0.0
    },
    "tau_c": {
      "mean": 367440.83176271594,
      "stderr": 0.0
    }
  },
  "15": {
    "p_open_mean": {
      "mean": 0.022984374999999998,
      "stderr": 0.0
    },
    "p_mean": {
      "mean": 0.9770156249999999,
      "stderr": 0.0
    },
    "epsilon_mean": {
      "mean": 1.9310468750000003,
      "stderr": 0.0
    },
    "intra_bonds_mean": {
      "mean": 374.2828947368421,
      "stderr": 0.0
    },
    "inter_bonds_mean": {
      "mean": 7441.8421052631575,
      "stderr": 0.0
    },
    "intra_inter_ratio": {
      "mean": 0.050294388061812655,
      "stderr": 0.0
    },
    "mean_cluster_size": {
      "mean": 952.1834890255942,
      "stderr": 0.0
    },
    "largest_cluster_fraction": {
      "mean": 0.998963815789475,
      "stderr": 0.0
    },
    "rate_assoc": {
      "mean": 0.00031591628915494756,
      "stderr": 0.0
    },
    "rate_dissoc": {
      "mean": 5.927398180439003e-05,
      "stderr": 0.0
    },
    "tau_s": {
      "mean": 64266.91512281789,
      "stderr": 0.0
    },
    "tau_b": {
      "mean": 9812.681032969806,
      "stderr": 0.0
    },
    "tau_c": {
      "mean": 1067944.5310258279,
      "stderr": 0.0
    }
  }
}