{
  "bonded_pair_count": {
    "mean": 18.359,
    "stderr": 0.10844814429025516
  },
  "associative_exchange_rate_R_a": {
    "mean": 1.2193362193362194e-05,
    "stderr": 8.277157407292735e-06
  },
  "passive_dimerization_rate_R_d": {
    "mean": 0.0012093155869471659,
    "stderr": 9.601829663152848e-05
  },
  "swap_rate": {
    "mean": 4.0404040404040405e-05,
    "stderr": 2.6936026936026934e-05
  },
  "swap_rate_per_free_sticker": {
    "mean": 1.3457852452999469e-05,
    "stderr": 9.512545590058234e-06
  },
  "bond_persistence_time_tau_s": {
    "mean": 21143.245188378583,
    "stderr": 2656.216474950244
  },
  "radius_of_gyration_R_g": {
    "mean": 23.235767553366976,
    "stderr": 5.045334394759357
  },
  "end_to_end_distance": {
    "mean": 40.67718615951332,
    "stderr": 10.14405474820079
  }
}