{
  "0": {
    "p_open_mean": {
      "mean": 0.6332645705620243,
      "stderr": 1.527004136855311e-05
    },
    "p_mean": {
      "mean": 0.36673542943797566,
      "stderr": 1.5270041368559722e-05
    },
    "epsilon_mean": {
      "mean": 0.10020628831392711,
      "stderr": 4.581012410567303e-05
    },
    "intra_bonds_mean": {
      "mean": 148.14131724053203,
      "stderr": 0.04011884162190891
    },
    "inter_bonds_mean": {
      "mean": 3251.445411540081,
      "stderr": 0.1666216945317465
    },
    "intra_inter_ratio": {
      "mean": 0.045561680554961494,
      "stderr": 1.2109004270269783e-05
    },
    "mean_cluster_size": {
      "mean": 4.0625008228973964,
      "stderr": 0.0004118607030509483
    },
    "largest_cluster_fraction": {
      "mean": 0.5656774678094698,
      "stderr": 7.846527358489865e-05
    },
    "rate_assoc": {
      "mean": 0.00019783893678844045,
      "stderr": 2.23239800759155e-08
    },
    "rate_dissoc": {
      "mean": 0.0001354209809464832,
      "stderr": 7.695473492595153e-09
    },
    "tau_s": {
      "mean": 200.67793123444198,
      "stderr": 0.0
    },
    "tau_b": {
      "mean": 3104658.090278581,
      "stderr": 0.0
    },
    "tau_c": {
      "mean": 328246.4584461705,
      "stderr": 0.0
    }
  },
  "6": {
    "p_open_mean": {
      "mean": 0.2640605912028299,
      "stderr": 8.882932567095663e-06
    },
    "p_mean": {
      "mean": 0.7359394087971701,
      "stderr": 8.882932567103497e-06
    },
    "epsilon_mean": {
      "mean": 1.2078182263915107,
      "stderr": 2.6648797701295304e-05
    },
    "intra_bonds_mean": {
      "mean": 265.0221998154433,
      "stderr": 0.05402755785923144
    },
    "inter_bonds_mean": {
      "mean": 5639.103032073862,
      "stderr": 0.08552886680172254
    },
    "intra_inter_ratio": {
      "mean": 0.04699722671153023,
      "stderr": 9.918825490278634e-06
    },
    "mean_cluster_size": {
      "mean": 79.52175587403143,
      "stderr": 0.06707012002256493
    },
    "largest_cluster_fraction": {
      "mean": 0.9850095197636982,
      "stderr": 1.1184683936168715e-05
    },
    "rate_assoc": {
      "mean": 0.0012735593508730987,
      "stderr": 6.465834727592406e-08
    },
    "rate_dissoc": {
      "mean": 0.00010054717544967647,
      "stderr": 1.2358101306049718e-08
    },
    "tau_s": {
      "mean": 246.34558870037728,
      "stderr": 0.0
    },
    "tau_b": {
      "mean": 4531.537279011772,
      "stderr": 0.0
    },
    "tau_c": {
      "mean": 237822.7769513206,
      "stderr": 0.0
    }
  },
  "12": {
    "p_open_mean": {
      "mean": 0.05254188499231477,
      "stderr": 7.733482362685146e-06
    },
    "p_mean": {
      "mean": 0.9474581150076852,
      "stderr": 7.733482362675587e-06
    },
    "epsilon_mean": {
      "mean": 1.8423743450230559,
      "stderr": 2.3200447088026155e-05
    },
    "intra_bonds_mean": {
      "mean": 341.6942838042613,
      "stderr": 0.2525813177867347
    },
    "inter_bonds_mean": {
      "mean": 7238.060102859544,
      "stderr": 0.25094222049869613
    },
    "intra_inter_ratio": {
      "mean": 0.047208001894722657,
      "stderr": 3.648604092519373e-05
    },
    "mean_cluster_size": {
      "mean": 897.6249751943111,
      "stderr": 3.927621612711801
    },
    "largest_cluster_fraction": {
      "mean": 0.9988669908638611,
      "stderr": 4.514450102921817e-06
    },
    "rate_assoc": {
      "mean": 0.0015410041386320153,
      "stderr": 1.5698002134895538e-07
    },
    "rate_dissoc": {
      "mean": 0.00025460678559397734,
      "stderr": 4.064689109332875e-08
    },
    "tau_s": {
      "mean": 5254.748019336127,
      "stderr": 0.0
    },
    "tau_b": {
      "mean": 370.37853886182756,
      "stderr": 0.0
    },
    "tau_c": {
      "mean": 71589.55217052721,
      "stderr": 0.0
    }
  },
  "15": {
    "p_open_mean": {
      "mean": 0.022754360443861386,
      "stderr": 8.04170702648796e-06
    },
    "p_mean": {
      "mean": 0.9772456395561384,
      "stderr": 8.04170702648701e-06
    },
    "epsilon_mean": {
      "mean": 1.9317369186684157,
      "stderr": 2.4125121079452535e-05
    },
    "intra_bonds_mean": {
      "mean": 354.8024987182686,
      "stderr": 1.1468937977916307
    },
    "inter_bonds_mean": {
      "mean": 7463.168444055179,
      "stderr": 1.1678607305904118
    },
    "intra_inter_ratio": {
      "mean": 0.04754069161590184,
      "stderr": 0.00016106078107394235
    },
    "mean_cluster_size": {
      "mean": 1062.2007613401115,
      "stderr": 10.975867496188918
    },
    "largest_cluster_fraction": {
      "mean": 0.999061829453235,
      "stderr": 1.1765485705141156e-05
    },
    "rate_assoc": {
      "mean": 0.00030494158006112834,
      "stderr": 1.5503888291211346e-07
    },
    "rate_dissoc": {
      "mean": 0.0003064373898420517,
      "stderr": 4.3376389231643353e-08
    },
    "tau_s": {
      "mean": 63882.928697123294,
      "stderr": 0.0
    },
    "tau_b": {
      "mean": 672.6034558749168,
      "stderr": 0.0
    },
    "tau_c": {
      "mean": 462.50203350618517,
      "stderr": 0.0
    }
  },
  "18": {
    "p_open_mean": {
      "mean": 0.009976600090662074,
      "stderr": 9.80524479620846e-06
    },
    "p_mean": {
      "mean": 0.9900233999093381,
      "stderr": 9.805244796195559e-06
    },
    "epsilon_mean": {
      "mean": 1.9700701997280141,
      "stderr": 2.94157343886168e-05
    },
    "intra_bonds_mean": {
      "mean": 374.8058122618148,
      "stderr": 2.3640660460798326
    },
    "inter_bonds_mean": {
      "mean": 7545.381650542498,
      "stderr": 2.358169990910443
    },
    "intra_inter_ratio": {
      "mean": 0.04967446380380135,
      "stderr": 0.0003288316588160977
    },
    "mean_cluster_size": {
      "mean": 1111.040643696791,
      "stderr": 72.8024708768332
    },
    "largest_cluster_fraction": {
      "mean": 0.9990652932741504,
      "stderr": 5.514971024036167e-05
    },
    "rate_assoc": {
      "mean": 4.5801467514065056e-05,
      "stderr": 7.601468097805747e-08
    },
    "rate_dissoc": {
      "mean": 0.00031028241013454064,
      "stderr": 2.5011500605550465e-07
    },
    "tau_s": {
      "mean": 847928.3094707085,
      "stderr": 0.0
    },
    "tau_b": {
      "mean": 1762.9523373145873,
      "stderr": 0.0
    },
    "tau_c": {
      "mean": 721.0345316485433,
      "stderr": 0.0
    }
  }
}