{
  "0": {
    "p_open_mean": {
      "mean": 0.6332645132186753,
      "stderr": 1.5331033067476847e-05
    },
    "p_mean": {
      "mean": 0.3667354867813247,
      "stderr": 1.5331033067480597e-05
    },
    "epsilon_mean": {
      "mean": 0.10020646034397433,
      "stderr": 4.599309920243013e-05
    },
    "intra_bonds_mean": {
      "mean": 148.14182958013694,
      "stderr": 0.04007060336277863
    },
    "inter_bonds_mean": {
      "mean": 3251.4451208446753,
      "stderr": 0.166849629647178
    },
    "intra_inter_ratio": {
      "mean": 0.045561842169670366,
      "stderr": 1.2080042622588638e-05
    },
    "mean_cluster_size": {
      "mean": 4.062499982616837,
      "stderr": 0.0004127121621568042
    },
    "largest_cluster_fraction": {
      "mean": 0.5656774107069206,
      "stderr": 7.877487986449134e-05
    },
    "rate_assoc": {
      "mean": 0.00019783908328692114,
      "stderr": 2.2430351333187817e-08
    },
    "rate_dissoc": {
      "mean": 0.00013542085135076812,
      "stderr": 7.676498137116652e-09
    },
    "tau_s": {
      "mean": 200.67857285144677,
      "stderr": 0.0
    },
    "tau_b": {
      "mean": 3104648.435279247,
      "stderr": 0.0
    },
    "tau_c": {
      "mean": 383323.821868527,
      "stderr": 0.0
    }
  },
  "6": {
    "p_open_mean": {
      "mean": 0.2640591262476285,
      "stderr": 8.692725984916493e-06
    },
    "p_mean": {
      "mean": 0.7359408737523716,
      "stderr": 8.69272598490743e-06
    },
    "epsilon_mean": {
      "mean": 1.2078226212571148,
      "stderr": 2.6078177954739425e-05
    },
    "intra_bonds_mean": {
      "mean": 265.0559844922874,
      "stderr": 0.04567236768501007
    },
    "inter_bonds_mean": {
      "mean": 5639.079567763755,
      "stderr": 0.07344340623835773
    },
    "intra_inter_ratio": {
      "mean": 0.04700341312447621,
      "stderr": 8.31033031656311e-06
    },
    "mean_cluster_size": {
      "mean": 79.52300441567834,
      "stderr": 0.04805042572852225
    },
    "largest_cluster_fraction": {
      "mean": 0.9850141219170204,
      "stderr": 7.399677795173648e-06
    },
    "rate_assoc": {
      "mean": 0.001273585633463657,
      "stderr": 5.7309653831936776e-08
    },
    "rate_dissoc": {
      "mean": 0.00010053241970537918,
      "stderr": 1.2942968692085291e-08
    },
    "tau_s": {
      "mean": 246.33945781115224,
      "stderr": 0.0
    },
    "tau_b": {
      "mean": 4531.378495423293,
      "stderr": 0.0
    },
    "tau_c": {
      "mean": 2088.955571824469,
      "stderr": 0.0
    }
  },
  "12": {
    "p_open_mean": {
      "mean": 0.052544549730998015,
      "stderr": 6.895875211776208e-06
    },
    "p_mean": {
      "mean": 0.9474554502690018,
      "stderr": 6.895875211770558e-06
    },
    "epsilon_mean": {
      "mean": 1.842366350807006,
      "stderr": 2.0687625635324052e-05
    },
    "intra_bonds_mean": {
      "mean": 341.79957289633114,
      "stderr": 0.2431332566793726
    },
    "inter_bonds_mean": {
      "mean": 7237.932680762921,
      "stderr": 0.2437216192986907
    },
    "intra_inter_ratio": {
      "mean": 0.04722337922655618,
      "stderr": 3.5139981376377254e-05
    },
    "mean_cluster_size": {
      "mean": 900.0198467457955,
      "stderr": 3.152552361932271
    },
    "largest_cluster_fraction": {
      "mean": 0.9988678796960841,
      "stderr": 3.5582536432759705e-06
    },
    "rate_assoc": {
      "mean": 0.001540629610662984,
      "stderr": 1.620378483791862e-07
    },
    "rate_dissoc": {
      "mean": 0.00025460358869352194,
      "stderr": 2.9182301440793623e-08
    },
    "tau_s": {
      "mean": 5254.5383017812455,
      "stderr": 0.0
    },
    "tau_b": {
      "mean": 370.3921285268055,
      "stderr": 0.0
    },
    "tau_c": {
      "mean": 86956.57738159676,
      "stderr": 0.0
    }
  },
  "15": {
    "p_open_mean": {
      "mean": 0.02276176018724738,
      "stderr": 6.053220910009716e-06
    },
    "p_mean": {
      "mean": 0.9772382398127526,
      "stderr": 6.053220910011e-06
    },
    "epsilon_mean": {
      "mean": 1.9317147194382578,
      "stderr": 1.8159662730060883e-05
    },
    "intra_bonds_mean": {
      "mean": 354.3168852594243,
      "stderr": 0.5634352740112789
    },
    "inter_bonds_mean": {
      "mean": 7463.594935247051,
      "stderr": 0.5843294343165216
    },
    "intra_inter_ratio": {
      "mean": 0.047472739832193314,
      "stderr": 7.91803217823533e-05
    },
    "mean_cluster_size": {
      "mean": 1062.7980556610687,
      "stderr": 8.74423553533057
    },
    "largest_cluster_fraction": {
      "mean": 0.9990623711127758,
      "stderr": 1.0883480059004309e-05
    },
    "rate_assoc": {
      "mean": 0.0003047360742789877,
      "stderr": 9.9367340768765e-08
    },
    "rate_dissoc": {
      "mean": 0.00030643950998950157,
      "stderr": 4.099444590135113e-08
    },
    "tau_s": {
      "mean": 63852.65684353466,
      "stderr": 0.0
    },
    "tau_b": {
      "mean": 672.8124698047435,
      "stderr": 0.0
    },
    "tau_c": {
      "mean": 469.69210688087645,
      "stderr": 0.0
    }
  },
  "18": {
    "p_open_mean": {
      "mean": 0.010108403162390917,
      "stderr": 6.654521082641684e-05
    },
    "p_mean": {
      "mean": 0.9898915968376091,
      "stderr": 6.654521082641684e-05
    },
    "epsilon_mean": {
      "mean": 1.969674790512827,
      "stderr": 0.0001996356324792618
    },
    "intra_bonds_mean": {
      "mean": 368.63627019983085,
      "stderr": 1.482139971889583
    },
    "inter_bonds_mean": {
      "mean": 7550.50093575608,
      "stderr": 1.8594746629133305
    },
    "intra_inter_ratio": {
      "mean": 0.048823658321376674,
      "stderr": 0.00020815717697436964
    },
    "mean_cluster_size": {
      "mean": 1061.3231046354772,
      "stderr": 36.141269369497756
    },
    "largest_cluster_fraction": {
      "mean": 0.9990627500153139,
      "stderr": 2.757734438223246e-05
    },
    "rate_assoc": {
      "mean": 7.98616816347511e-05,
      "stderr": 1.6701725005544906e-05
    },
    "rate_dissoc": {
      "mean": 0.00030912009422634815,
      "stderr": 7.900118260183395e-07
    },
    "tau_s": {
      "mean": 664913.7665119049,
      "stderr": 0.0
    },
    "tau_b": {
      "mean": 1468.9637593736684,
      "stderr": 0.0
    },
    "tau_c": {
      "mean": 732.8098392787278,
      "stderr": 0.0
    }
  }
}