{
  "0": {
    "p_open_mean": {
      "mean": 0.6336190886699506,
      "stderr": 0.0001282522604234645
    },
    "p_mean": {
      "mean": 0.36638091133004924,
      "stderr": 0.00012825226042347
    },
    "epsilon_mean": {
      "mean": 0.09914273399014786,
      "stderr": 0.0003847567812704246
    },
    "intra_bonds_mean": {
      "mean": 148.1847290640394,
      "stderr": 0.3629808043035599
    },
    "inter_bonds_mean": {
      "mean": 3247.8970443349754,
      "stderr": 1.3678489027145129
    },
    "intra_inter_ratio": {
      "mean": 0.04562484075977449,
      "stderr": 0.0001108806345094389
    },
    "mean_cluster_size": {
      "mean": 4.053533464187552,
      "stderr": 0.003754823055340199
    },
    "largest_cluster_fraction": {
      "mean": 0.5641548029556651,
      "stderr": 0.0008077181800419108
    },
    "rate_assoc": {
      "mean": 3.994272780255798e-05,
      "stderr": 3.922321445981134e-08
    },
    "rate_dissoc": {
      "mean": 2.694289192457201e-05,
      "stderr": 8.785948409304904e-09
    },
    "tau_s": {
      "mean": 787.3121370715002,
      "stderr": 0.0
    },
    "tau_b": {
      "mean": 17852.40055556857,
      "stderr": 0.0
    },
    "tau_c": {
      "mean": 439298.2660763933,
      "stderr": 0.0
    }
  },
  "6": {
    "p_open_mean": {
      "mean": 0.2640800492610837,
      "stderr": 7.669532111104602e-05
    },
    "p_mean": {
      "mean": 0.7359199507389163,
      "stderr": 7.669532111106443e-05
    },
    "epsilon_mean": {
      "mean": 1.2077598522167488,
      "stderr": 0.00023008596333316136
    },
    "intra_bonds_mean": {
      "mean": 265.8088669950739,
      "stderr": 0.2322570565487847
    },
    "inter_bonds_mean": {
      "mean": 5638.205418719212,
      "stderr": 0.7916692114566598
    },
    "intra_inter_ratio": {
      "mean": 0.04714427652588864,
      "stderr": 4.598667719775898e-05
    },
    "mean_cluster_size": {
      "mean": 79.19926083674969,
      "stderr": 0.2364121333189313
    },
    "largest_cluster_fraction": {
      "mean": 0.9849192118226604,
      "stderr": 4.7191472606024434e-05
    },
    "rate_assoc": {
      "mean": 0.00025878393756865103,
      "stderr": 1.1396121644082238e-07
    },
    "rate_dissoc": {
      "mean": 1.9607950332496003e-05,
      "stderr": 1.8760503066243206e-08
    },
    "tau_s": {
      "mean": 911.1526191756166,
      "stderr": 0.0
    },
    "tau_b": {
      "mean": 13722.969703127816,
      "stderr": 0.0
    },
    "tau_c": {
      "mean": 616187.2917427601,
      "stderr": 0.0
    }
  },
  "12": {
    "p_open_mean": {
      "mean": 0.052555042419266555,
      "stderr": 5.617527217522519e-05
    },
    "p_mean": {
      "mean": 0.9474449575807333,
      "stderr": 5.6175272175231046e-05
    },
    "epsilon_mean": {
      "mean": 1.8423348727422004,
      "stderr": 0.00016852581652565028
    },
    "intra_bonds_mean": {
      "mean": 343.11658456486043,
      "stderr": 0.8318602654996443
    },
    "inter_bonds_mean": {
      "mean": 7236.535851122058,
      "stderr": 1.1219393652136997
    },
    "intra_inter_ratio": {
      "mean": 0.04741462297107258,
      "stderr": 0.00012189283813386299
    },
    "mean_cluster_size": {
      "mean": 902.6166438317501,
      "stderr": 16.65500219407391
    },
    "largest_cluster_fraction": {
      "mean": 0.9988634373289549,
      "stderr": 1.6436317735164375e-05
    },
    "rate_assoc": {
      "mean": 0.0010909276120647984,
      "stderr": 1.3737286836133084e-06
    },
    "rate_dissoc": {
      "mean": 2.663263137170288e-05,
      "stderr": 4.83789141771429e-08
    },
    "tau_s": {
      "mean": 5261.684103766208,
      "stderr": 0.0
    },
    "tau_b": {
      "mean": 10113.040543783338,
      "stderr": 0.0
    },
    "tau_c": {
      "mean": 662081.1266284626,
      "stderr": 0.0
    }
  },
  "15": {
    "p_open_mean": {
      "mean": 0.0228525074214044,
      "stderr": 2.5486814742210234e-05
    },
    "p_mean": {
      "mean": 0.9771474925785956,
      "stderr": 2.548681474221317e-05
    },
    "epsilon_mean": {
      "mean": 1.9314424777357864,
      "stderr": 7.646044422662331e-05
    },
    "intra_bonds_mean": {
      "mean": 373.7599089908166,
      "stderr": 1.6061599285422254
    },
    "inter_bonds_mean": {
      "mean": 7443.424730801625,
      "stderr": 1.5882867285610918
    },
    "intra_inter_ratio": {
      "mean": 0.05021386443152589,
      "stderr": 0.0002263139263234779
    },
    "mean_cluster_size": {
      "mean": 966.8509015129879,
      "stderr": 39.317871387469474
    },
    "largest_cluster_fraction": {
      "mean": 0.9989865558431449,
      "stderr": 4.42209742281014e-05
    },
    "rate_assoc": {
      "mean": 0.00031627167733232295,
      "stderr": 4.830858352969555e-07
    },
    "rate_dissoc": {
      "mean": 5.922231453723355e-05,
      "stderr": 6.341997933324634e-08
    },
    "tau_s": {
      "mean": 64683.61892270405,
      "stderr": 0.0
    },
    "tau_b": {
      "mean": 9813.055576170407,
      "stderr": 0.0
    },
    "tau_c": {
      "mean": 456901.1495851582,
      "stderr": 0.0
    }
  },
  "18": {
    "p_open_mean": {
      "mean": 0.010132308297173282,
      "stderr": 3.2582798391457866e-05
    },
    "p_mean": {
      "mean": 0.9898676917028268,
      "stderr": 3.258279839144586e-05
    },
    "epsilon_mean": {
      "mean": 1.9696030751084805,
      "stderr": 9.774839517434163e-05
    },
    "intra_bonds_mean": {
      "mean": 451.27795878585357,
      "stderr": 8.312616987458298
    },
    "inter_bonds_mean": {
      "mean": 7467.663947971089,
      "stderr": 8.252872791812
    },
    "intra_inter_ratio": {
      "mean": 0.06044267920927253,
      "stderr": 0.0011807396195498356
    },
    "mean_cluster_size": {
      "mean": 799.2784429570049,
      "stderr": 86.15098129480197
    },
    "largest_cluster_fraction": {
      "mean": 0.9987098152616205,
      "stderr": 0.000194007616719283
    },
    "rate_assoc": {
      "mean": 5.408859000703924e-05,
      "stderr": 3.55472884200793e-07
    },
    "rate_dissoc": {
      "mean": 6.669144073000998e-05,
      "stderr": 1.922211470752741e-07
    },
    "tau_s": {
      "mean": 837225.331995637,
      "stderr": 0.0
    },
    "tau_b": {
      "mean": 10986.63385008936,
      "stderr": 0.0
    },
    "tau_c": {
      "mean": 2094.1990629696006,
      "stderr": 0.0
    }
  }
}