{
  "0": {
    "p_open_mean": {
      "mean": 0.6333529125,
      "stderr": 4.394317688946569e-05
    },
    "p_mean": {
      "mean": 0.36664708749999997,
      "stderr": 4.394317688946979e-05
    },
    "epsilon_mean": {
      "mean": 0.09994126250000004,
      "stderr": 0.0001318295306683996
    },
    "intra_bonds_mean": {
      "mean": 147.63949999999997,
      "stderr": 0.15692434482896436
    },
    "inter_bonds_mean": {
      "mean": 3251.1781,
      "stderr": 0.5865869917487658
    },
    "intra_inter_ratio": {
      "mean": 0.045411149085471725,
      "stderr": 5.467170431123286e-05
    },
    "mean_cluster_size": {
      "mean": 4.061914553492089,
      "stderr": 0.0016136098253811894
    },
    "largest_cluster_fraction": {
      "mean": 0.5657752749999999,
      "stderr": 0.0003534936987690542
    },
    "rate_assoc": {
      "mean": 0.0035195082459221704,
      "stderr": 1.0762254668859488e-06
    },
    "rate_dissoc": {
      "mean": 0.0027704791004258315,
      "stderr": 5.09376569640331e-07
    },
    "tau_s": {
      "mean": 18.55137157731249,
      "stderr": 0.00403181719596779
    },
    "tau_b": {
      "mean": NaN,
      "stderr": NaN
    },
    "tau_c": {
      "mean": 20000.360856504267,
      "stderr": 2910.7052215837334
    }
  },
  "3": {
    "p_open_mean": {
      "mean": 0.48354582500000004,
      "stderr": 4.254967052522966e-05
    },
    "p_mean": {
      "mean": 0.516454175,
      "stderr": 4.254967052521738e-05
    },
    "epsilon_mean": {
      "mean": 0.5493625250000002,
      "stderr": 0.00012764901157568282
    },
    "intra_bonds_mean": {
      "mean": 191.6901,
      "stderr": 0.1145916857561864
    },
    "inter_bonds_mean": {
      "mean": 4097.782,
      "stderr": 0.44687107263235376
    },
    "intra_inter_ratio": {
      "mean": 0.04677901097774701,
      "stderr": 3.133175748751394e-05
    },
    "mean_cluster_size": {
      "mean": 10.337607674970593,
      "stderr": 0.0053787485293318605
    },
    "largest_cluster_fraction": {
      "mean": 0.8450901999999999,
      "stderr": 0.00010188708210563922
    },
    "rate_assoc": {
      "mean": 0.007155010852823038,
      "stderr": 1.5734226534340425e-06
    },
    "rate_dissoc": {
      "mean": 0.0028636468322523413,
      "stderr": 4.4358732613662176e-07
    },
    "tau_s": {
      "mean": 22.309521104097314,
      "stderr": 0.004930008666309275
    },
    "tau_b": {
      "mean": NaN,
      "stderr": NaN
    },
    "tau_c": {
      "mean": 21219.972977969643,
      "stderr": 2066.9471070927666
    }
  },
  "6": {
    "p_open_mean": {
      "mean": 0.26406519375,
      "stderr": 6.0205052138102535e-05
    },
    "p_mean": {
      "mean": 0.7359348062500001,
      "stderr": 6.020505213809066e-05
    },
    "epsilon_mean": {
      "mean": 1.20780441875,
      "stderr": 0.00018061515641429733
    },
    "intra_bonds_mean": {
      "mean": 267.8471,
      "stderr": 0.18659864534461335
    },
    "inter_bonds_mean": {
      "mean": 5636.2744,
      "stderr": 0.5403061313325683
    },
    "intra_inter_ratio": {
      "mean": 0.04752202886196271,
      "stderr": 3.539093304670227e-05
    },
    "mean_cluster_size": {
      "mean": 79.10018006835791,
      "stderr": 0.0797165819728668
    },
    "largest_cluster_fraction": {
      "mean": 0.9849073500000003,
      "stderr": 1.928723671257567e-05
    },
    "rate_assoc": {
      "mean": 0.01387362165677265,
      "stderr": 4.989708379518464e-06
    },
    "rate_dissoc": {
      "mean": 0.0035465274720911356,
      "stderr": 7.825079744481131e-07
    },
    "tau_s": {
      "mean": 58.951556195010404,
      "stderr": 0.016902086009018318
    },
    "tau_b": {
      "mean": NaN,
      "stderr": NaN
    },
    "tau_c": {
      "mean": 20286.404220388824,
      "stderr": 3245.263047110453
    }
  },
  "9": {
    "p_open_mean": {
      "mean": 0.12068733749999998,
      "stderr": 3.72077234925755e-05
    },
    "p_mean": {
      "mean": 0.8793126625,
      "stderr": 3.720772349257213e-05
    },
    "epsilon_mean": {
      "mean": 1.6379379875000002,
      "stderr": 0.00011162317047773094
    },
    "intra_bonds_mean": {
      "mean": 325.90960000000007,
      "stderr": 1.0355662026157442
    },
    "inter_bonds_mean": {
      "mean": 6709.840099999999,
      "stderr": 1.1513900048781909
    },
    "intra_inter_ratio": {
      "mean": 0.04857213140800801,
      "stderr": 0.00016238533244989912
    },
    "mean_cluster_size": {
      "mean": 419.38825645476584,
      "stderr": 3.409537895661492
    },
    "largest_cluster_fraction": {
      "mean": 0.997436974999998,
      "stderr": 1.8726928397803405e-05
    },
    "rate_assoc": {
      "mean": 0.006758277640690914,
      "stderr": 3.535714852446271e-06
    },
    "rate_dissoc": {
      "mean": 0.005098806979103113,
      "stderr": 1.3029199770304642e-06
    },
    "tau_s": {
      "mean": 482.4336485421909,
      "stderr": 0.2915501772086316
    },
    "tau_b": {
      "mean": 51.758186836577195,
      "stderr": 0.024015468051118857
    },
    "tau_c": {
      "mean": 5047.053029983662,
      "stderr": 3363.4875447527556
    }
  },
  "12": {
    "p_open_mean": {
      "mean": 0.05250796527777778,
      "stderr": 5.653200923027445e-05
    },
    "p_mean": {
      "mean": 0.9474920347222222,
      "stderr": 5.6532009230264475e-05
    },
    "epsilon_mean": {
      "mean": 1.8424761041666666,
      "stderr": 0.0001695960276908524
    },
    "intra_bonds_mean": {
      "mean": 369.47422222222224,
      "stderr": 2.28235323720556
    },
    "inter_bonds_mean": {
      "mean": 7210.545555555555,
      "stderr": 2.517458976335299
    },
    "intra_inter_ratio": {
      "mean": 0.05124173610841654,
      "stderr": 0.0003341384835491236
    },
    "mean_cluster_size": {
      "mean": 778.2302105302101,
      "stderr": 37.55562088766901
    },
    "largest_cluster_fraction": {
      "mean": 0.9987149999999976,
      "stderr": 6.523829183982955e-05
    },
    "rate_assoc": {
      "mean": 0.0014539244906358443,
      "stderr": 2.1450126411698053e-06
    },
    "rate_dissoc": {
      "mean": 0.005254341823514899,
      "stderr": 5.40181546085822e-06
    },
    "tau_s": {
      "mean": 4776.640945218501,
      "stderr": 10.496925893462924
    },
    "tau_b": {
      "mean": 114.98178448160408,
      "stderr": 0.2563877171225843
    },
    "tau_c": {
      "mean": 56.19713041426376,
      "stderr": 2.7148723918799775
    }
  },
  "15": {
    "p_open_mean": {
      "mean": 0.023000399999999997,
      "stderr": 2.5714928921629563e-05
    },
    "p_mean": {
      "mean": 0.9769995999999999,
      "stderr": 2.5714928921630973e-05
    },
    "epsilon_mean": {
      "mean": 1.9309987999999998,
      "stderr": 7.714478676487793e-05
    },
    "intra_bonds_mean": {
      "mean": 443.4952,
      "stderr": 4.446711246153348
    },
    "inter_bonds_mean": {
      "mean": 7372.5071,
      "stderr": 4.394978451343941
    },
    "intra_inter_ratio": {
      "mean": 0.060158701920725775,
      "stderr": 0.0006391074545080616
    },
    "mean_cluster_size": {
      "mean": 750.3469019868986,
      "stderr": 98.66841550313829
    },
    "largest_cluster_fraction": {
      "mean": 0.9986487499999989,
      "stderr": 0.00016163106996419644
    },
    "rate_assoc": {
      "mean": 0.00023985297343297193,
      "stderr": 1.3140689768763684e-06
    },
    "rate_dissoc": {
      "mean": 0.0053020321549699075,
      "stderr": 7.950961286318743e-06
    },
    "tau_s": {
      "mean": 42038.33026041963,
      "stderr": 163.7437391624184
    },
    "tau_b": {
      "mean": 404.26542824387377,
      "stderr": 1.868244563717734
    },
    "tau_c": {
      "mean": 4657.24413077959,
      "stderr": 2848.6059692383556
    }
  },
  "18": {
    "p_open_mean": {
      "mean": 0.010988881249999999,
      "stderr": 7.818274002408478e-05
    },
    "p_mean": {
      "mean": 0.98901111875,
      "stderr": 7.818274002408173e-05
    },
    "epsilon_mean": {
      "mean": 1.9670333562500002,