{
  "3": {
    "bonded_pairs_mean": {
      "mean": 0.183,
      "stderr": 0.013420548092798263
    },
    "rate_assoc": {
      "mean": 1.6244314489928526e-06,
      "stderr": 1.160921732354749e-06
    },
    "rate_dissoc": {
      "mean": 8.995215311004787e-05,
      "stderr": 6.468579074077439e-06
    },
    "swap_rate": {
      "mean": 6.0606060606060605e-05,
      "stderr": 4.311868173355454e-05
    },
    "swap_rate_per_free_sticker": {
      "mean": 1.532436663025216e-06,
      "stderr": 1.090174159859786e-06
    },
    "tau_s": {
      "mean": 252.29029850180606,
      "stderr": 38.05747572364416
    },
    "rg_mean": {
      "mean": 35.48263012044387,
      "stderr": 6.090663633064175
    },
    "end_to_end_mean": {
      "mean": 79.4046908289017,
      "stderr": 12.12826555626586
    }
  },
  "6": {
    "bonded_pairs_mean": {
      "mean": 0.9380000000000001,
      "stderr": 0.03251666239535253
    },
    "rate_assoc": {
      "mean": 3.8674889590782266e-05,
      "stderr": 4.302575480685997e-06
    },
    "rate_dissoc": {
      "mean": 0.0004432907072096959,
      "stderr": 1.333151347311125e-05
    },
    "swap_rate": {
      "mean": 0.001393939393939394,
      "stderr": 0.00015488215488215488
    },
    "swap_rate_per_free_sticker": {
      "mean": 3.6614077953242235e-05,
      "stderr": 4.105041200650172e-06
    },
    "tau_s": {
      "mean": 82.37734267847307,
      "stderr": 53.22278517880833
    },
    "rg_mean": {
      "mean": 34.263556063634944,
      "stderr": 4.743534792715194
    },
    "end_to_end_mean": {
      "mean": 60.80577512874116,
      "stderr": 11.539049123981131
    }
  },
  "9": {
    "bonded_pairs_mean": {
      "mean": 4.236,
      "stderr": 0.04791659420284375
    },
    "rate_assoc": {
      "mean": 0.0002889406517983308,
      "stderr": 1.4530485669009829e-05
    },
    "rate_dissoc": {
      "mean": 0.0014925501925513653,
      "stderr": 3.244076726408389e-05
    },
    "swap_rate": {
      "mean": 0.008626262626262626,
      "stderr": 0.0004040965168667338
    },
    "swap_rate_per_free_sticker": {
      "mean": 0.0002738742773881939,
      "stderr": 1.3267372552809317e-05
    },
    "tau_s": {
      "mean": 49.88265410431589,
      "stderr": 1.1484733953970352
    },
    "rg_mean": {
      "mean": 29.240816470193447,
      "stderr": 6.0748921053045635
    },
    "end_to_end_mean": {
      "mean": 55.74961719700334,
      "stderr": 10.152105734406991
    }
  },
  "12": {
    "bonded_pairs_mean": {
      "mean": 11.306,
      "stderr": 0.11264694107401824
    },
    "rate_assoc": {
      "mean": 0.00039975700506003544,
      "stderr": 2.574919447552266e-05
    },
    "rate_dissoc": {
      "mean": 0.0021304273728516153,
      "stderr": 3.430292496916783e-05
    },
    "swap_rate": {
      "mean": 0.006606060606060607,
      "stderr": 0.00045178109407998675
    },
    "swap_rate_per_free_sticker": {
      "mean": 0.0003809438631930318,
      "stderr": 2.686422001947626e-05
    },
    "tau_s": {
      "mean": 412.9356086164128,
      "stderr": 15.074186191687183
    },
    "rg_mean": {
      "mean": 28.601725222643278,
      "stderr": 5.8116015873972895
    },
    "end_to_end_mean": {
      "mean": 53.84327750876339,
      "stderr": 11.55821809663302
    }
  },
  "15": {
    "bonded_pairs_mean": {
      "mean": 15.875,
      "stderr": 0.13903037238116148
    },
    "rate_assoc": {
      "mean": 0.00012831530821221543,
      "stderr": 2.3885290940093004e-05
    },
    "rate_dissoc": {
      "mean": 0.001634978073981511,
      "stderr": 6.884772463515571e-05
    },
    "swap_rate": {
      "mean": 0.0010505050505050504,
      "stderr": 0.0001970200516946504
    },
    "swap_rate_per_free_sticker": {
      "mean": 0.00012859601004993926,
      "stderr": 2.34641615317819e-05
    },
    "tau_s": {
      "mean": 2726.302203872362,
      "stderr": 204.1688697722585
    },
    "rg_mean": {
      "mean": 31.519582861322373,
      "stderr": 5.287590039437799
    },
    "end_to_end_mean": {
      "mean": 77.04702456398158,
      "stderr": 12.267632515181187
    }
  },
  "18": {
    "bonded_pairs_mean": {
      "mean": 18.359,
      "stderr": 0.10844814429025516
    },
    "rate_assoc": {
      "mean": 1.2193362193362194e-05,
      "stderr": 8.277157407292735e-06
    },
    "rate_dissoc": {
      "mean": 0.0012093155869471659,
      "stderr": 9.601829663152848e-05
    },
    "swap_rate": {
      "mean": 4.0404040404040405e-05,
      "stderr": 2.6936026936026934e-05
    },
    "swap_rate_per_free_sticker": {
      "mean": 1.3457852452999469e-05,
      "stderr": 9.512545590058234e-06
    },
    "tau_s": {
      "mean": 21143.245188378583,
      "stderr": 2656.216474950244
    },
    "rg_mean": {
      "mean": 23.235767553366976,
      "stderr": 5.045334394759357
    },
    "end_to_end_mean": {
      "mean": 40.67718615951332,
      "stderr": 10.14405474820079
    }
  }
}