{
  "0": {
    "p_open_mean": {
      "mean": 0.6333869205777118,
      "stderr": 3.8715346201038877e-05
    },
    "p_mean": {
      "mean": 0.36661307942228827,
      "stderr": 3.871534620104158e-05
    },
    "epsilon_mean": {
      "mean": 0.09983923826686486,
      "stderr": 0.00011614603860313929
    },
    "intra_bonds_mean": {
      "mean": 148.34806646002883,
      "stderr": 0.25758096837960004
    },
    "inter_bonds_mean": {
      "mean": 3249.974543695696,
      "stderr": 0.6879428904014093
    },
    "intra_inter_ratio": {
      "mean": 0.04564605219573026,
      "stderr": 8.697346768522876e-05
    },
    "mean_cluster_size": {
      "mean": 4.058637079673907,
      "stderr": 0.00178902361317791
    },
    "largest_cluster_fraction": {
      "mean": 0.5650146402963989,
      "stderr": 0.0004942311684904611
    },
    "rate_assoc": {
      "mean": 0.003518154665969249,
      "stderr": 1.345671924843464e-06
    },
    "rate_dissoc": {
      "mean": 0.0027706401958585815,
      "stderr": 1.4212032780040536e-06
    },
    "tau_s": {
      "mean": 18.54777538860845,
      "stderr": 0.0
    },
    "tau_b": {
      "mean": 174.86114250486204,
      "stderr": 0.0
    },
    "tau_c": {
      "mean": 8760.848900665584,
      "stderr": 0.0
    }
  },
  "6": {
    "p_open_mean": {
      "mean": 0.2641130227667779,
      "stderr": 6.103427397938531e-05
    },
    "p_mean": {
      "mean": 0.7358869772332222,
      "stderr": 6.1034273979392734e-05
    },
    "epsilon_mean": {
      "mean": 1.2076609316996667,
      "stderr": 0.0001831028219381542
    },
    "intra_bonds_mean": {
      "mean": 271.4504228833975,
      "stderr": 0.6419387944610192
    },
    "inter_bonds_mean": {
      "mean": 5632.186275368113,
      "stderr": 0.6332844708101645
    },
    "intra_inter_ratio": {
      "mean": 0.04819636622820297,
      "stderr": 0.00011786983588008644
    },
    "mean_cluster_size": {
      "mean": 78.21645209202144,
      "stderr": 0.17943527714615962
    },
    "largest_cluster_fraction": {
      "mean": 0.9847339949265257,
      "stderr": 3.0034692394680098e-05
    },
    "rate_assoc": {
      "mean": 0.01387223648717246,
      "stderr": 5.442031949036173e-06
    },
    "rate_dissoc": {
      "mean": 0.0035496331428991057,
      "stderr": 1.4050512821383071e-06
    },
    "tau_s": {
      "mean": 58.89629301333398,
      "stderr": 0.0
    },
    "tau_b": {
      "mean": 140.30822790219096,
      "stderr": 0.0
    },
    "tau_c": {
      "mean": 9152.96598822742,
      "stderr": 0.0
    }
  },
  "12": {
    "p_open_mean": {
      "mean": 0.05270204047566734,
      "stderr": 8.875680776293727e-05
    },
    "p_mean": {
      "mean": 0.9472979595243325,
      "stderr": 8.875680776294753e-05
    },
    "epsilon_mean": {
      "mean": 1.841893878572998,
      "stderr": 0.00026627042328878644
    },
    "intra_bonds_mean": {
      "mean": 407.0277064742435,
      "stderr": 2.5453476916015316
    },
    "inter_bonds_mean": {
      "mean": 7171.441242345987,
      "stderr": 2.2911758323024105
    },
    "intra_inter_ratio": {
      "mean": 0.05675767090063501,
      "stderr": 0.0003725410606533819
    },
    "mean_cluster_size": {
      "mean": 749.4205404934369,
      "stderr": 68.6065428111814
    },
    "largest_cluster_fraction": {
      "mean": 0.9985677163326293,
      "stderr": 0.00010927090199085029
    },
    "rate_assoc": {
      "mean": 0.001460061562996406,
      "stderr": 2.7405064487106305e-06
    },
    "rate_dissoc": {
      "mean": 0.0052471530462345215,
      "stderr": 7.0035135257671905e-06
    },
    "tau_s": {
      "mean": 4740.14075098139,
      "stderr": 0.0
    },
    "tau_b": {
      "mean": 101.4680062039824,
      "stderr": 0.0
    },
    "tau_c": {
      "mean": 9664.066290933397,
      "stderr": 0.0
    }
  },
  "15": {
    "p_open_mean": {
      "mean": 0.02351542331493081,
      "stderr": 8.168985692232845e-05
    },
    "p_mean": {
      "mean": 0.976484576685069,
      "stderr": 8.168985692233876e-05
    },
    "epsilon_mean": {
      "mean": 1.929453730055208,
      "stderr": 0.0002450695707670064
    },
    "intra_bonds_mean": {
      "mean": 452.10807499392257,
      "stderr": 4.026380536173787
    },
    "inter_bonds_mean": {
      "mean": 7359.775825093844,
      "stderr": 4.267430787355326
    },
    "intra_inter_ratio": {
      "mean": 0.061432608606031815,
      "stderr": 0.0005822625625291805
    },
    "mean_cluster_size": {
      "mean": 655.009646715959,
      "stderr": 86.97794531874094
    },
    "largest_cluster_fraction": {
      "mean": 0.9984732415669612,
      "stderr": 0.0001593625598172849
    },
    "rate_assoc": {
      "mean": 0.00024296342471202993,
      "stderr": 2.784873402936658e-06
    },
    "rate_dissoc": {
      "mean": 0.005219374207736544,
      "stderr": 1.745961024725247e-05
    },
    "tau_s": {
      "mean": 41782.68611314721,
      "stderr": 0.0
    },
    "tau_b": {
      "mean": 102.31766602523143,
      "stderr": 0.0
    },
    "tau_c": {
      "mean": 655.8604496514836,
      "stderr": 0.0
    }
  },
  "18": {
    "p_open_mean": {
      "mean": 0.012588434293659374,
      "stderr": 0.00010795249788676975
    },
    "p_mean": {
      "mean": 0.9874115657063406,
      "stderr": 0.00010795249788676526
    },
    "epsilon_mean": {
      "mean": 1.9622346971190219,
      "stderr": 0.0003238574936603232
    },
    "intra_bonds_mean": {
      "mean": 466.1469099381855,
      "stderr": 6.357571856316848
    },
    "inter_bonds_mean": {
      "mean": 7433.145874117373,
      "stderr": 6.1193293413015555
    },
    "intra_inter_ratio": {
      "mean": 0.0627185868636908,
      "stderr": 0.0009058286034871527
    },
    "mean_cluster_size": {
      "mean": 655.9405309393309,
      "stderr": 71.09671655606327
    },
    "largest_cluster_fraction": {
      "mean": 0.9985791506479543,
      "stderr": 0.00014616364377538369
    },
    "rate_assoc": {
      "mean": 4.214088367615107e-05,
      "stderr": 8.693126814246512e-07
    },
    "rate_dissoc": {
      "mean": 0.004809075693814092,
      "stderr": 5.032331777286624e-05
    },
    "tau_s": {
      "mean": 194849.1570763445,
      "stderr": 0.0
    },
    "tau_b": {
      "mean": 83.50293981324117,
      "stderr": 0.0
    },
    "tau_c": {
      "mean": 1574.1975151725446,
      "stderr": 0.0
    }
  }
}