{
  "bonded_pair_count": {
    "mean": 0.183,
    "stderr": 0.013420548092798263
  },
  "associative_exchange_rate_R_a": {
    "mean": 1.6244314489928526e-06,
    "stderr": 1.160921732354749e-06
  },
  "passive_dimerization_rate_R_d": {
    "mean": 8.995215311004787e-05,
    "stderr": 6.468579074077439e-06
  },
  "swap_rate": {
    "mean": 6.0606060606060605e-05,
    "stderr": 4.311868173355454e-05
  },
  "swap_rate_per_free_sticker": {
    "mean": 1.532436663025216e-06,
    "stderr": 1.090174159859786e-06
  },
  "bond_persistence_time_tau_s": {
    "mean": 252.29029850180606,
    "stderr": 38.05747572364416
  },
  "radius_of_gyration_R_g": {
    "mean": 35.48263012044387,
    "stderr": 6.090663633064175
  },
  "end_to_end_distance": {
    "mean": 79.4046908289017,
    "stderr": 12.12826555626586
  }
}