{
  "p_open": {
    "mean": 0.02276171761847521,
    "stderr": 6.068718969115985e-06
  },
  "bonding_probability_p": {
    "mean": 0.9772382823815248,
    "stderr": 6.06871896910735e-06
  },
  "gelation_epsilon": {
    "mean": 1.9317148471445744,
    "stderr": 1.820615690733573e-05
  },
  "stickers_per_chain_f": {
    "mean": 4.0,
    "stderr": 0.0
  },
  "gel_point_p_c": {
    "mean": 0.33333333333333337,
    "stderr": 1.850371707708594e-17
  },
  "intra_to_inter_bond_ratio": {
    "mean": 0.04747282314809961,
    "stderr": 7.9117543819479e-05
  },
  "bond_persistence_time_tau_s": {
    "mean": 63871.78469190392,
    "stderr": 0.0
  },
  "brachiation_time_tau_b": {
    "mean": 672.7729762240656,
    "stderr": 0.0
  },
  "fluctuation_relaxation_time_tau_c": {
    "mean": 469.67133256442776,
    "stderr": 0.0
  },
  "associative_exchange_rate_R_a": {
    "mean": 0.00030484992560291993,
    "stderr": 9.92075833335321e-08
  },
  "passive_dimerization_rate_R_d": {
    "mean": 0.0003064376868734902,
    "stderr": 4.070439773162621e-08
  }
}