{
  "0": {
    "p_open_mean": {
      "mean": 0.6332892380009897,
      "stderr": 1.5730033007927575e-05
    },
    "p_mean": {
      "mean": 0.3667107619990104,
      "stderr": 1.5730033007923858e-05
    },
    "epsilon_mean": {
      "mean": 0.10013228599703124,
      "stderr": 4.719009902377721e-05
    },
    "intra_bonds_mean": {
      "mean": 148.06011875309252,
      "stderr": 0.07043723307415373
    },
    "inter_bonds_mean": {
      "mean": 3251.436665017318,
      "stderr": 0.23745565979430566
    },
    "intra_inter_ratio": {
      "mean": 0.04553683875415864,
      "stderr": 2.3377860650341955e-05
    },
    "mean_cluster_size": {
      "mean": 4.062203511277991,
      "stderr": 0.0008644645917061628
    },
    "largest_cluster_fraction": {
      "mean": 0.5655750123701141,
      "stderr": 0.0002011413117783615
    },
    "rate_assoc": {
      "mean": 0.0003907648213747582,
      "stderr": 5.95929684347419e-08
    },
    "rate_dissoc": {
      "mean": 0.00027224050124446454,
      "stderr": 3.408562311649251e-08
    },
    "tau_s": {
      "mean": 113.33755303313755,
      "stderr": 0.0
    },
    "tau_b": {
      "mean": 1729.5828138677202,
      "stderr": 0.0
    },
    "tau_c": {
      "mean": 42125.05708690576,
      "stderr": 0.0
    }
  },
  "6": {
    "p_open_mean": {
      "mean": 0.26408021709549734,
      "stderr": 4.059511012283207e-05
    },
    "p_mean": {
      "mean": 0.7359197829045028,
      "stderr": 4.059511012282586e-05
    },
    "epsilon_mean": {
      "mean": 1.2077593487135085,
      "stderr": 0.00012178533036847153
    },
    "intra_bonds_mean": {
      "mean": 265.224938149431,
      "stderr": 0.06836760254497275
    },
    "inter_bonds_mean": {
      "mean": 5638.775754576943,
      "stderr": 0.3269665818562177
    },
    "intra_inter_ratio": {
      "mean": 0.0470359107751293,
      "stderr": 1.2946084606270853e-05
    },
    "mean_cluster_size": {
      "mean": 79.4521369183137,
      "stderr": 0.080887880445716
    },
    "largest_cluster_fraction": {
      "mean": 0.9849909327065818,
      "stderr": 1.6568453344257626e-05
    },
    "rate_assoc": {
      "mean": 0.002496613486011529,
      "stderr": 6.012562134946836e-07
    },
    "rate_dissoc": {
      "mean": 0.00020712041254854915,
      "stderr": 4.001105369945652e-08
    },
    "tau_s": {
      "mean": 147.71967959514717,
      "stderr": 0.0
    },
    "tau_b": {
      "mean": 1375.1278832315681,
      "stderr": 0.0
    },
    "tau_c": {
      "mean": 556753.4843813754,
      "stderr": 0.0
    }
  },
  "12": {
    "p_open_mean": {
      "mean": 0.052555562427841,
      "stderr": 1.1495899983380784e-05
    },
    "p_mean": {
      "mean": 0.9474444375721589,
      "stderr": 1.1495899983371847e-05
    },
    "epsilon_mean": {
      "mean": 1.8423333127164772,
      "stderr": 3.448769995014117e-05
    },
    "intra_bonds_mean": {
      "mean": 342.83242619165435,
      "stderr": 0.7352131325614192
    },
    "inter_bonds_mean": {
      "mean": 7236.809500247403,
      "stderr": 0.7654657341121293
    },
    "intra_inter_ratio": {
      "mean": 0.0473735110552909,
      "stderr": 0.00010657110072420451
    },
    "mean_cluster_size": {
      "mean": 893.1275174389191,
      "stderr": 12.198728875242049
    },
    "largest_cluster_fraction": {
      "mean": 0.9988573450986836,
      "stderr": 1.3296925813675504e-05
    },
    "rate_assoc": {
      "mean": 0.0015939187256428676,
      "stderr": 9.475598470606775e-07
    },
    "rate_dissoc": {
      "mean": 0.0005517359246452758,
      "stderr": 1.678290521017664e-07
    },
    "tau_s": {
      "mean": 4805.480576967111,
      "stderr": 0.0
    },
    "tau_b": {
      "mean": 1077.452064817985,
      "stderr": 0.0
    },
    "tau_c": {
      "mean": 644605.6409877128,
      "stderr": 0.0
    }
  },
  "15": {
    "p_open_mean": {
      "mean": 0.02277482257833415,
      "stderr": 1.5124606978522871e-05
    },
    "p_mean": {
      "mean": 0.9772251774216658,
      "stderr": 1.5124606978513703e-05
    },
    "epsilon_mean": {
      "mean": 1.9316755322649979,
      "stderr": 4.537382093558717e-05
    },
    "intra_bonds_mean": {
      "mean": 373.49068971431575,
      "stderr": 1.6346647239351764
    },
    "inter_bonds_mean": {
      "mean": 7444.317092762069,
      "stderr": 1.5970028596192762
    },
    "intra_inter_ratio": {
      "mean": 0.05017169291761757,
      "stderr": 0.00023023195993434242
    },
    "mean_cluster_size": {
      "mean": 966.246135802772,
      "stderr": 39.606628994085526
    },
    "largest_cluster_fraction": {
      "mean": 0.9989890390139115,
      "stderr": 4.503235121767546e-05
    },
    "rate_assoc": {
      "mean": 0.0002896860007607464,
      "stderr": 2.615504171929864e-07
    },
    "rate_dissoc": {
      "mean": 0.0005964257751864085,
      "stderr": 3.099096999615685e-07
    },
    "tau_s": {
      "mean": 43610.71723774127,
      "stderr": 0.0
    },
    "tau_b": {
      "mean": 1162.155555559414,
      "stderr": 0.0
    },
    "tau_c": {
      "mean": 355.1899288113476,
      "stderr": 0.0
    }
  },
  "18": {
    "p_open_mean": {
      "mean": 0.010001509293759953,
      "stderr": 2.833448905433235e-05
    },
    "p_mean": {
      "mean": 0.98999849070624,
      "stderr": 2.8334489054337422e-05
    },
    "epsilon_mean": {
      "mean": 1.96999547211872,
      "stderr": 8.500346716299447e-05
    },
    "intra_bonds_mean": {
      "mean": 451.2215737742739,
      "stderr": 8.359556309475225
    },
    "inter_bonds_mean": {
      "mean": 7468.766800741918,
      "stderr": 8.354810155601735
    },
    "intra_inter_ratio": {
      "mean": 0.06042642190494953,
      "stderr": 0.0011877403094527213
    },
    "mean_cluster_size": {
      "mean": 800.0474092415299,
      "stderr": 86.26654441794486
    },
    "largest_cluster_fraction": {
      "mean": 0.9987117917810311,
      "stderr": 0.00019366195134069665
    },
    "rate_assoc": {
      "mean": 4.351074963933819e-05,
      "stderr": 2.515597321927608e-07
    },
    "rate_dissoc": {
      "mean": 0.0006030793339918237,
      "stderr": 1.7804255465741658e-06
    },
    "tau_s": {
      "mean": 221089.97495628835,
      "stderr": 0.0
    },
    "tau_b": {
      "mean": 892.8700342695887,
      "stderr": 0.0
    },
    "tau_c": {
      "mean": 1270.3972187453562,
      "stderr": 0.0
    }
  }
}