{
  "0": {
    "p_open_mean": {
      "mean": 0.6332342110148514,
      "stderr": 4.022628032482004e-05
    },
    "p_mean": {
      "mean": 0.3667657889851485,
      "stderr": 4.022628032483348e-05
    },
    "epsilon_mean": {
      "mean": 0.1002973669554456,
      "stderr": 0.00012067884097448886
    },
    "intra_bonds_mean": {
      "mean": 148.14658415841586,
      "stderr": 0.05726597830221926
    },
    "inter_bonds_mean": {
      "mean": 3251.7269306930693,
      "stderr": 0.37140667822308016
    },
    "intra_inter_ratio": {
      "mean": 0.04555935834016607,
      "stderr": 1.7572993806883945e-05
    },
    "mean_cluster_size": {
      "mean": 4.062838456905989,
      "stderr": 0.0009699564382012649
    },
    "largest_cluster_fraction": {
      "mean": 0.5658227722772275,
      "stderr": 0.0002659662046345015
    },
    "rate_assoc": {
      "mean": 0.00039084372228521296,
      "stderr": 1.0079073095145094e-07
    },
    "rate_dissoc": {
      "mean": 0.00027226754015947967,
      "stderr": 3.55290115220299e-08
    },
    "tau_s": {
      "mean": 113.40959289000824,
      "stderr": 0.0
    },
    "tau_b": {
      "mean": 1729.4382910720035,
      "stderr": 0.0
    },
    "tau_c": {
      "mean": 494362.99387177033,
      "stderr": 0.0
    }
  },
  "6": {
    "p_open_mean": {
      "mean": 0.26402950185643564,
      "stderr": 3.824129902141653e-05
    },
    "p_mean": {
      "mean": 0.7359704981435644,
      "stderr": 3.8241299021419024e-05
    },
    "epsilon_mean": {
      "mean": 1.2079114944306935,
      "stderr": 0.00011472389706425741
    },
    "intra_bonds_mean": {
      "mean": 265.13064356435643,
      "stderr": 0.11702666064259964
    },
    "inter_bonds_mean": {
      "mean": 5639.241386138614,
      "stderr": 0.39002857974943167
    },
    "intra_inter_ratio": {
      "mean": 0.04701531479143633,
      "stderr": 2.3262734391206598e-05
    },
    "mean_cluster_size": {
      "mean": 79.46877736634664,
      "stderr": 0.157411763778688
    },
    "largest_cluster_fraction": {
      "mean": 0.9850004207920803,
      "stderr": 2.869996580357449e-05
    },
    "rate_assoc": {
      "mean": 0.002497305406342667,
      "stderr": 5.220905658348895e-07
    },
    "rate_dissoc": {
      "mean": 0.00020713596800577065,
      "stderr": 2.8778652850291434e-08
    },
    "tau_s": {
      "mean": 147.70380743039533,
      "stderr": 0.0
    },
    "tau_b": {
      "mean": 1374.8982943543551,
      "stderr": 0.0
    },
    "tau_c": {
      "mean": 627643.7432161157,
      "stderr": 0.0
    }
  },
  "12": {
    "p_open_mean": {
      "mean": 0.052551158553355334,
      "stderr": 1.2650580575375008e-05
    },
    "p_mean": {
      "mean": 0.9474488414466445,
      "stderr": 1.2650580575381916e-05
    },
    "epsilon_mean": {
      "mean": 1.8423465243399342,
      "stderr": 3.7951741726136e-05
    },
    "intra_bonds_mean": {
      "mean": 342.6975797579758,
      "stderr": 0.48703974316292403
    },
    "inter_bonds_mean": {
      "mean": 7236.980308030802,
      "stderr": 0.4916378300096098
    },
    "intra_inter_ratio": {
      "mean": 0.04735370788001219,
      "stderr": 7.045241287327075e-05
    },
    "mean_cluster_size": {
      "mean": 908.5196535526612,
      "stderr": 8.598481133147834
    },
    "largest_cluster_fraction": {
      "mean": 0.9988769251925166,
      "stderr": 9.548505747335976e-06
    },
    "rate_assoc": {
      "mean": 0.0015952063868265118,
      "stderr": 7.231475323158268e-07
    },
    "rate_dissoc": {
      "mean": 0.000551532838725206,
      "stderr": 1.2867649622207217e-07
    },
    "tau_s": {
      "mean": 4802.084662188768,
      "stderr": 0.0
    },
    "tau_b": {
      "mean": 1077.3971639775802,
      "stderr": 0.0
    },
    "tau_c": {
      "mean": 461119.1254470675,
      "stderr": 0.0
    }
  },
  "15": {
    "p_open_mean": {
      "mean": 0.022762834158415846,
      "stderr": 1.4516355868365114e-05
    },
    "p_mean": {
      "mean": 0.9772371658415843,
      "stderr": 1.4516355868371844e-05
    },
    "epsilon_mean": {
      "mean": 1.9317114975247525,
      "stderr": 4.3549067605090857e-05
    },
    "intra_bonds_mean": {
      "mean": 365.7642079207921,
      "stderr": 3.044214852266205
    },
    "inter_bonds_mean": {
      "mean": 7452.139405940594,
      "stderr": 3.037062045831556
    },
    "intra_inter_ratio": {
      "mean": 0.049083341862100366,
      "stderr": 0.00042826189979636365
    },
    "mean_cluster_size": {
      "mean": 975.159261530553,
      "stderr": 37.181719483792946
    },
    "largest_cluster_fraction": {
      "mean": 0.9989707549504919,
      "stderr": 3.742369095216915e-05
    },
    "rate_assoc": {
      "mean": 0.00028900250465738696,
      "stderr": 3.1963776877201486e-07
    },
    "rate_dissoc": {
      "mean": 0.0005963007262844335,
      "stderr": 4.3240713937565646e-07
    },
    "tau_s": {
      "mean": 43661.121727820355,
      "stderr": 0.0
    },
    "tau_b": {
      "mean": 1162.4539719438408,
      "stderr": 0.0
    },
    "tau_c": {
      "mean": 309.777295034277,
      "stderr": 0.0
    }
  },
  "18": {
    "p_open_mean": {
      "mean": 0.009989721534653464,
      "stderr": 1.27193264423451e-05
    },
    "p_mean": {
      "mean": 0.9900102784653466,
      "stderr": 1.2719326442338118e-05
    },
    "epsilon_mean": {
      "mean": 1.9700308353960394,
      "stderr": 3.8157979327035205e-05
    },
    "intra_bonds_mean": {
      "mean": 445.93485148514856,
      "stderr": 4.662590030657354
    },
    "inter_bonds_mean": {
      "mean": 7474.147920792078,
      "stderr": 4.66344049291834
    },
    "intra_inter_ratio": {
      "mean": 0.0596673484880022,
      "stderr": 0.000661011696967657
    },
    "mean_cluster_size": {
      "mean": 715.6293915105763,
      "stderr": 54.45401323166529
    },
    "largest_cluster_fraction": {
      "mean": 0.9986398267326729,
      "stderr": 9.069625188374088e-05
    },
    "rate_assoc": {
      "mean": 4.2998844968018566e-05,
      "stderr": 1.5317219176602591e-07
    },
    "rate_dissoc": {
      "mean": 0.0006025678648922282,
      "stderr": 8.397805857749652e-07
    },
    "tau_s": {
      "mean": 221431.78050895638,
      "stderr": 0.0
    },
    "tau_b": {
      "mean": 892.6041881591707,
      "stderr": 0.0
    },
    "tau_c": {
      "mean": 911.6081814630064,
      "stderr": 0.0
    }
  }
}