{
  "p_open": {
    "mean": 0.022762834158415846,
    "stderr": 1.4516355868365114e-05
  },
  "bonding_probability_p": {
    "mean": 0.9772371658415843,
    "stderr": 1.4516355868371844e-05
  },
  "gelation_epsilon": {
    "mean": 1.9317114975247525,
    "stderr": 4.3549067605090857e-05
  },
  "stickers_per_chain_f": {
    "mean": 4.0,
    "stderr": 0.0
  },
  "gel_point_p_c": {
    "mean": 0.33333333333333337,
    "stderr": 1.850371707708594e-17
  },
  "intra_to_inter_bond_ratio": {
    "mean": 0.049083341862100366,
    "stderr": 0.00042826189979636365
  },
  "bond_persistence_time_tau_s": {
    "mean": 43661.121727820355,
    "stderr": 0.0
  },
  "brachiation_time_tau_b": {
    "mean": 1162.4539719438408,
    "stderr": 0.0
  },
  "fluctuation_relaxation_time_tau_c": {
    "mean": 309.777295034277,
    "stderr": 0.0
  },
  "associative_exchange_rate_R_a": {
    "mean": 0.00028900250465738696,
    "stderr": 3.1963776877201486e-07
  },
  "passive_dimerization_rate_R_d": {
    "mean": 0.0005963007262844335,
    "stderr": 4.3240713937565646e-07
  }
}