{
  "0": {
    "p_open_mean": {
      "mean": 0.6332645705620243,
      "stderr": 1.527004136855311e-05
    },
    "p_mean": {
      "mean": 0.36673542943797566,
      "stderr": 1.5270041368559722e-05
    },
    "epsilon_mean": {
      "mean": 0.10020628831392711,
      "stderr": 4.581012410567303e-05
    },
    "intra_bonds_mean": {
      "mean": 148.14131724053203,
      "stderr": 0.04011884162190891
    },
    "inter_bonds_mean": {
      "mean": 3251.445411540081,
      "stderr": 0.1666216945317465
    },
    "intra_inter_ratio": {
      "mean": 0.045561680554961494,
      "stderr": 1.2109004270269783e-05
    },
    "mean_cluster_size": {
      "mean": 4.0625008228973964,
      "stderr": 0.0004118607030509483
    },
    "largest_cluster_fraction": {
      "mean": 0.5656774678094698,
      "stderr": 7.846527358489865e-05
    },
    "rate_assoc": {
      "mean": 0.00019783893678844045,
      "stderr": 2.23239800759155e-08
    },
    "rate_dissoc": {
      "mean": 0.0001354209809464832,
      "stderr": 7.695473492595153e-09
    },
    "tau_s": {
      "mean": 200.67793123444198,
      "stderr": 0.0
    },
    "tau_b": {
      "mean": 3104658.090278581,
      "stderr": 0.0
    },
    "tau_c": {
      "mean": 328246.4584461705,
      "stderr": 0.0
    }
  },
  "6": {
    "p_open_mean": {
      "mean": 0.26405890413551053,
      "stderr": 8.644253903762143e-06
    },
    "p_mean": {
      "mean": 0.7359410958644894,
      "stderr": 8.644253903749485e-06
    },
    "epsilon_mean": {
      "mean": 1.2078232875934687,
      "stderr": 2.5932761711272824e-05
    },
    "intra_bonds_mean": {
      "mean": 265.05595377535246,
      "stderr": 0.04563940078167603
    },
    "inter_bonds_mean": {
      "mean": 5639.081379420284,
      "stderr": 0.0728247129670089
    },
    "intra_inter_ratio": {
      "mean": 0.047003392571181704,
      "stderr": 8.301582640601419e-06
    },
    "mean_cluster_size": {
      "mean": 79.52275404461751,
      "stderr": 0.048115449823300155
    },
    "largest_cluster_fraction": {
      "mean": 0.9850140954085363,
      "stderr": 7.408475231399833e-06
    },
    "rate_assoc": {
      "mean": 0.0012735878039041623,
      "stderr": 5.717544429443798e-08
    },
    "rate_dissoc": {
      "mean": 0.00010053224551269247,
      "stderr": 1.2959835764275235e-08
    },
    "tau_s": {
      "mean": 246.33833232898334,
      "stderr": 0.0
    },
    "tau_b": {
      "mean": 4531.361008078596,
      "stderr": 0.0
    },
    "tau_c": {
      "mean": 2093.3859195295663,
      "stderr": 0.0
    }
  },
  "12": {
    "p_open_mean": {
      "mean": 0.05254460030116941,
      "stderr": 6.852072146853825e-06
    },
    "p_mean": {
      "mean": 0.9474553996988306,
      "stderr": 6.852072146840228e-06
    },
    "epsilon_mean": {
      "mean": 1.842366199096492,
      "stderr": 2.0556216440574123e-05
    },
    "intra_bonds_mean": {
      "mean": 341.7991739377003,
      "stderr": 0.24348787552124262
    },
    "inter_bonds_mean": {
      "mean": 7237.932681303024,
      "stderr": 0.24415142720883456
    },
    "intra_inter_ratio": {
      "mean": 0.04722332413616652,
      "stderr": 3.519234681398928e-05
    },
    "mean_cluster_size": {
      "mean": 900.0152138735514,
      "stderr": 3.162361112348742
    },
    "largest_cluster_fraction": {
      "mean": 0.9988678742697348,
      "stderr": 3.562296189111014e-06
    },
    "rate_assoc": {
      "mean": 0.0015407824332462077,
      "stderr": 1.5682107084087895e-07
    },
    "rate_dissoc": {
      "mean": 0.00025459908201215075,
      "stderr": 2.833911499149389e-08
    },
    "tau_s": {
      "mean": 5254.932193562092,
      "stderr": 0.0
    },
    "tau_b": {
      "mean": 370.3904963739886,
      "stderr": 0.0
    },
    "tau_c": {
      "mean": 87391.15705521703,
      "stderr": 0.0
    }
  },
  "15": {
    "p_open_mean": {
      "mean": 0.02276171761847521,
      "stderr": 6.068718969115985e-06
    },
    "p_mean": {
      "mean": 0.9772382823815248,
      "stderr": 6.06871896910735e-06
    },
    "epsilon_mean": {
      "mean": 1.9317148471445744,
      "stderr": 1.820615690733573e-05
    },
    "intra_bonds_mean": {
      "mean": 354.3174950888478,
      "stderr": 0.563001977533619
    },
    "inter_bonds_mean": {
      "mean": 7463.594664032107,
      "stderr": 0.5835931002772454
    },
    "intra_inter_ratio": {
      "mean": 0.04747282314809961,
      "stderr": 7.9117543819479e-05
    },
    "mean_cluster_size": {
      "mean": 1062.7144801415157,
      "stderr": 8.747775696508969
    },
    "largest_cluster_fraction": {
      "mean": 0.9990623021955587,
      "stderr": 1.0905532334288254e-05
    },
    "rate_assoc": {
      "mean": 0.00030484992560291993,
      "stderr": 9.92075833335321e-08
    },
    "rate_dissoc": {
      "mean": 0.0003064376868734902,
      "stderr": 4.070439773162621e-08
    },
    "tau_s": {
      "mean": 63871.78469190392,
      "stderr": 0.0
    },
    "tau_b": {
      "mean": 672.7729762240656,
      "stderr": 0.0
    },
    "tau_c": {
      "mean": 469.67133256442776,
      "stderr": 0.0
    }
  },
  "18": {
    "p_open_mean": {
      "mean": 0.009978495935306421,
      "stderr": 8.19754576576046e-06
    },
    "p_mean": {
      "mean": 0.9900215040646936,
      "stderr": 8.197545765760494e-06
    },
    "epsilon_mean": {
      "mean": 1.970064512194081,
      "stderr": 2.4592637297254168e-05
    },
    "intra_bonds_mean": {
      "mean": 368.47913139778814,
      "stderr": 1.4321215270345813
    },
    "inter_bonds_mean": {
      "mean": 7551.693160890459,
      "stderr": 1.4364478115539085
    },
    "intra_inter_ratio": {
      "mean": 0.04879458067295532,
      "stderr": 0.00019896175902968307
    },
    "mean_cluster_size": {
      "mean": 1138.152160655879,
      "stderr": 50.348270528691906
    },
    "largest_cluster_fraction": {
      "mean": 0.9991095142660497,
      "stderr": 4.0376741036721644e-05
    },
    "rate_assoc": {
      "mean": 4.57600659969947e-05,
      "stderr": 6.238365545758888e-08
    },
    "rate_dissoc": {
      "mean": 0.00031034771269603347,
      "stderr": 2.435870249558148e-07
    },
    "tau_s": {
      "mean": 850124.4159682933,
      "stderr": 0.0
    },
    "tau_b": {
      "mean": 1763.7273334861416,
      "stderr": 0.0
    },
    "tau_c": {
      "mean": 741.2781696052338,
      "stderr": 0.0
    }
  }
}